customer_id,full_name,segment,province,branch_id,branch_name,primary_advisor_id,primary_advisor_name,tenure_years,products_held,primary_relationship_flag,origination_channel,digital_engagement_score,nps_score,preferred_language
CUST-1001,Sana Mehta,Mass Affluent,ON,BR-101,Toronto Bay & Bloor,ADV-011,Liam O'Connor,17,4,Y,Broker,38,80,EN
CUST-1002,Bruno Castellanos,New to Canada,AB,BR-303,Calgary Centre Street,ADV-032,Jonas Berg,1,3,Y,Branch,25,60,EN
CUST-1003,Rahul Park,Mass Affluent,ON,BR-101,Toronto Bay & Bloor,ADV-011,Liam O'Connor,18,3,N,Branch,78,60,EN
CUST-1004,Beatrice Karim,Self-Employed,AB,BR-303,Calgary Centre Street,ADV-031,Fatima Haddad,9,4,Y,Branch,75,20,EN
CUST-1005,Aiden Larsen,Mass Market,QC,BR-202,Montreal Plateau,ADV-021,Wei Zhang,8,3,N,Branch,44,50,EN
CUST-1006,Andre Cardoso,Mass Market,ON,BR-101,Toronto Bay & Bloor,ADV-011,Liam O'Connor,6,1,N,Branch,67,30,EN
CUST-1007,Beatrice Mehta,Self-Employed,AB,BR-303,Calgary Centre Street,ADV-031,Fatima Haddad,8,2,N,Branch,69,20,EN
CUST-1008,Simone Fitzgerald,Mass Affluent,QC,BR-202,Montreal Plateau,ADV-022,Camille Fortin,9,6,Y,Branch,31,-40,FR
CUST-1009,Valeria Guerrero,Mass Market,ON,BR-101,Toronto Bay & Bloor,ADV-012,Priya Raghavan,12,1,N,Branch,75,20,EN
CUST-1010,Gustav Haddadi,High Net Worth,ON,BR-101,Toronto Bay & Bloor,ADV-011,Liam O'Connor,20,7,Y,Broker,21,10,EN
CUST-1011,Amara Lachance,Mass Market,QC,BR-202,Montreal Plateau,ADV-022,Camille Fortin,14,2,N,Broker,60,-10,EN
CUST-1012,Rosa Bergeron,Mass Affluent,QC,BR-202,Montreal Plateau,ADV-021,Wei Zhang,17,6,Y,Branch,90,-40,FR
CUST-1013,Ayesha Novak,Mass Affluent,AB,BR-303,Calgary Centre Street,ADV-031,Fatima Haddad,13,3,Y,Broker,67,-40,EN
CUST-1014,Josephine Novak,Mass Affluent,QC,BR-202,Montreal Plateau,ADV-021,Wei Zhang,11,4,Y,Branch,71,50,FR
CUST-1015,Naomi Iyer,Self-Employed,ON,BR-101,Toronto Bay & Bloor,ADV-012,Priya Raghavan,6,3,Y,Broker,83,0,EN
CUST-1016,Farah Thibault,Self-Employed,AB,BR-303,Calgary Centre Street,ADV-031,Fatima Haddad,8,2,N,Branch,18,30,EN
CUST-1017,Ravi Sokolov,Mass Affluent,AB,BR-303,Calgary Centre Street,ADV-032,Jonas Berg,8,4,Y,Branch,76,10,EN
CUST-1018,Farah Leclair,High Net Worth,ON,BR-101,Toronto Bay & Bloor,ADV-012,Priya Raghavan,14,4,Y,Digital,41,80,EN
CUST-1019,Yuki Karim,Mass Market,ON,BR-101,Toronto Bay & Bloor,ADV-012,Priya Raghavan,9,3,Y,Branch,25,60,EN
CUST-1020,Nikhil Petrov,Mass Market,AB,BR-303,Calgary Centre Street,ADV-031,Fatima Haddad,3,4,N,Branch,71,40,EN
CUST-1021,Simone Marchetti,Mass Market,QC,BR-202,Montreal Plateau,ADV-021,Wei Zhang,14,3,N,Branch,32,40,FR
CUST-1022,Omar Kowalski,Mass Market,ON,BR-101,Toronto Bay & Bloor,ADV-011,Liam O'Connor,14,1,N,Branch,16,-10,EN
CUST-1023,Felix Benali,Self-Employed,ON,BR-101,Toronto Bay & Bloor,ADV-012,Priya Raghavan,8,3,Y,Broker,91,60,EN
CUST-1024,Simone Siddiqui,High Net Worth,ON,BR-101,Toronto Bay & Bloor,ADV-011,Liam O'Connor,20,4,Y,Broker,15,80,EN
CUST-1025,Henrik Thibault,Self-Employed,AB,BR-303,Calgary Centre Street,ADV-032,Jonas Berg,7,3,Y,Digital,54,80,EN
CUST-1026,Nadia Silva,New to Canada,QC,BR-202,Montreal Plateau,ADV-022,Camille Fortin,2,2,N,Branch,64,60,FR
CUST-1027,Simone Aziz,Self-Employed,AB,BR-303,Calgary Centre Street,ADV-031,Fatima Haddad,12,3,N,Broker,71,-20,EN
CUST-1028,Lucas Aziz,New to Canada,ON,BR-101,Toronto Bay & Bloor,ADV-012,Priya Raghavan,1,1,N,Broker,34,30,EN
CUST-1029,Ayesha Haddadi,New to Canada,AB,BR-303,Calgary Centre Street,ADV-031,Fatima Haddad,4,2,N,Branch,82,-40,EN
CUST-1030,Felix Solberg,Mass Affluent,QC,BR-202,Montreal Plateau,ADV-021,Wei Zhang,17,3,Y,Digital,54,-20,EN
CUST-1031,Valeria Okonkwo,Mass Affluent,AB,BR-303,Calgary Centre Street,ADV-032,Jonas Berg,12,6,Y,Digital,50,0,EN
CUST-1032,Leila Beaulieu,New to Canada,QC,BR-202,Montreal Plateau,ADV-021,Wei Zhang,1,3,Y,Branch,27,20,FR
CUST-1033,Mateo Bergeron,Mass Market,AB,BR-303,Calgary Centre Street,ADV-032,Jonas Berg,14,2,N,Branch,14,20,EN
CUST-1034,Samuel Sinclair,Mass Market,QC,BR-202,Montreal Plateau,ADV-022,Camille Fortin,13,4,Y,Broker,32,30,FR
CUST-1035,Andre Petrov,Mass Market,QC,BR-202,Montreal Plateau,ADV-022,Camille Fortin,7,2,N,Branch,79,80,EN
CUST-1036,Bruno Cardoso,Mass Affluent,ON,BR-101,Toronto Bay & Bloor,ADV-012,Priya Raghavan,14,5,Y,Branch,88,-40,EN
CUST-1037,Sana Sinclair,New to Canada,AB,BR-303,Calgary Centre Street,ADV-032,Jonas Berg,1,3,Y,Broker,81,20,EN
CUST-1038,Rahul Castellanos,High Net Worth,AB,BR-303,Calgary Centre Street,ADV-031,Fatima Haddad,19,7,Y,Digital,71,30,EN
CUST-1039,Aiden Rossi,Mass Market,ON,BR-101,Toronto Bay & Bloor,ADV-011,Liam O'Connor,5,1,N,Branch,45,50,EN
CUST-1040,Clara Thibault,Mass Market,ON,BR-101,Toronto Bay & Bloor,ADV-011,Liam O'Connor,3,1,N,Branch,23,50,EN
CUST-1041,Caleb Yusuf,Mass Affluent,QC,BR-202,Montreal Plateau,ADV-021,Wei Zhang,17,6,Y,Branch,48,-20,FR
CUST-1042,Lucas Petrov,Mass Market,QC,BR-202,Montreal Plateau,ADV-021,Wei Zhang,12,2,N,Broker,37,60,FR
CUST-1043,Andre Ellsworth,Mass Market,QC,BR-202,Montreal Plateau,ADV-022,Camille Fortin,12,4,Y,Branch,83,-40,FR
CUST-1044,Tariq Marchetti,Mass Market,QC,BR-202,Montreal Plateau,ADV-022,Camille Fortin,13,3,Y,Broker,89,10,FR
CUST-1045,Dmitri Iyer,Mass Affluent,ON,BR-101,Toronto Bay & Bloor,ADV-011,Liam O'Connor,17,5,Y,Branch,94,30,EN
CUST-1046,Bruno Kowalski,Mass Affluent,QC,BR-202,Montreal Plateau,ADV-021,Wei Zhang,10,6,Y,Branch,93,10,FR
CUST-1047,Hassan Kowalski,New to Canada,AB,BR-303,Calgary Centre Street,ADV-032,Jonas Berg,2,3,Y,Branch,60,20,EN
CUST-1048,Grace Dufresne,New to Canada,AB,BR-303,Calgary Centre Street,ADV-031,Fatima Haddad,4,2,N,Branch,95,60,EN
CUST-1049,Sana Moreau,Mass Market,ON,BR-101,Toronto Bay & Bloor,ADV-012,Priya Raghavan,14,4,Y,Branch,27,60,EN
CUST-1050,Marta Park,New to Canada,ON,BR-101,Toronto Bay & Bloor,ADV-012,Priya Raghavan,1,1,N,Branch,44,0,EN
