renewal_id,customer_id,branch_id,advisor_id,product_type,term_months,mortgage_balance_cad,property_value_cad,ltv_pct,insured_flag,current_rate_pct,offered_renewal_rate_pct,payment_frequency,amortization_remaining_years,origination_date,maturity_date,days_to_maturity,payment_shock_pct,renewal_stage,as_of_date
RNW-5001,CUST-1001,BR-101,ADV-011,1-Year Fixed Closed,12,736000,1543658,47.7,N,2.18,4.23,Bi-weekly,27,2025-10-10,2026-10-05,63,94.0,Offer Sent,2026-08-03
RNW-5002,CUST-1002,BR-303,ADV-032,3-Year Fixed Closed,36,511000,586912,87.1,Y,3.01,5.34,Monthly,14,2023-09-18,2026-09-02,30,77.4,Offer Sent,2026-08-03
RNW-5003,CUST-1003,BR-101,ADV-011,5-Year Fixed Closed,60,549000,751517,73.1,N,2.4,4.97,Bi-weekly,24,2021-12-17,2026-11-21,110,107.1,Offer Sent,2026-08-03
RNW-5004,CUST-1004,BR-303,ADV-031,5-Year Fixed Closed,60,671000,1107692,60.6,N,2.3,4.91,Monthly,22,2022-02-09,2027-01-14,164,113.5,Not Started,2026-08-03
RNW-5005,CUST-1005,BR-202,ADV-021,1-Year Fixed Closed,12,213000,278788,76.4,N,2.93,4.92,Accelerated Bi-weekly,25,2026-01-20,2027-01-15,165,67.9,Not Started,2026-08-03
RNW-5006,CUST-1006,BR-101,ADV-011,5-Year Fixed Closed,60,300000,486781,61.6,N,2.62,4.56,Accelerated Bi-weekly,26,2022-01-23,2026-12-28,147,74.0,Advisor Contacted,2026-08-03
RNW-5007,CUST-1007,BR-303,ADV-031,3-Year Fixed Closed,36,509000,588413,86.5,Y,2.81,4.09,Monthly,24,2023-11-19,2026-11-03,92,45.6,Advisor Contacted,2026-08-03
RNW-5008,CUST-1008,BR-202,ADV-022,5-Year Fixed Closed,60,517000,707685,73.1,N,2.04,4.91,Monthly,18,2021-09-20,2026-08-25,22,140.7,Offer Sent,2026-08-03
RNW-5009,CUST-1009,BR-101,ADV-012,1-Year Fixed Closed,12,291000,339910,85.6,Y,1.83,4.96,Monthly,18,2025-10-19,2026-10-14,72,171.0,Advisor Contacted,2026-08-03
RNW-5010,CUST-1010,BR-101,ADV-011,5-Year Variable Closed,60,909000,1446115,62.9,N,2.28,4.64,Monthly,20,2022-01-25,2026-12-30,149,103.5,Not Started,2026-08-03
RNW-5011,CUST-1011,BR-202,ADV-022,5-Year Variable Closed,60,215000,307812,69.8,N,2.09,4.99,Monthly,16,2021-09-14,2026-08-19,16,138.8,In Negotiation,2026-08-03
RNW-5012,CUST-1012,BR-202,ADV-021,5-Year Variable Closed,60,555000,803514,69.1,N,1.97,4.69,Accelerated Bi-weekly,18,2021-12-26,2026-11-30,119,138.1,Advisor Contacted,2026-08-03
RNW-5013,CUST-1013,BR-303,ADV-031,3-Year Fixed Closed,36,711000,1054988,67.4,N,2.64,4.23,Monthly,19,2023-11-27,2026-11-11,100,60.2,Advisor Contacted,2026-08-03
RNW-5014,CUST-1014,BR-202,ADV-021,5-Year Fixed Closed,60,612000,858899,71.3,N,2.19,4.94,Accelerated Bi-weekly,27,2021-10-09,2026-09-13,41,125.6,In Negotiation,2026-08-03
RNW-5015,CUST-1015,BR-101,ADV-012,5-Year Fixed Closed,60,798000,1355766,58.9,N,2.78,4.41,Bi-weekly,20,2021-10-11,2026-09-15,43,58.6,Offer Sent,2026-08-03
RNW-5016,CUST-1016,BR-303,ADV-031,5-Year Fixed Closed,60,433000,641754,67.5,N,1.92,4.89,Monthly,18,2021-10-14,2026-09-18,46,154.7,Not Started,2026-08-03
RNW-5017,CUST-1017,BR-303,ADV-032,5-Year Fixed Closed,60,544000,900759,60.4,N,1.83,4.52,Accelerated Bi-weekly,20,2022-02-19,2027-01-24,174,147.0,Advisor Contacted,2026-08-03
RNW-5018,CUST-1018,BR-101,ADV-012,5-Year Fixed Closed,60,941000,1845600,51.0,N,2.14,4.69,Monthly,22,2022-01-14,2026-12-19,138,119.2,Advisor Contacted,2026-08-03
RNW-5019,CUST-1019,BR-101,ADV-012,5-Year Fixed Closed,60,344000,440598,78.1,N,1.89,4.12,Bi-weekly,15,2021-10-05,2026-09-09,37,118.0,In Negotiation,2026-08-03
RNW-5020,CUST-1020,BR-303,ADV-031,3-Year Fixed Closed,36,394000,903670,43.6,N,3.11,4.51,Bi-weekly,25,2023-11-04,2026-10-19,77,45.0,Offer Sent,2026-08-03
RNW-5021,CUST-1021,BR-202,ADV-021,5-Year Fixed Closed,60,465000,907202,51.3,N,2.28,4.97,Monthly,13,2021-09-16,2026-08-21,18,118.0,In Negotiation,2026-08-03
RNW-5022,CUST-1022,BR-101,ADV-011,1-Year Fixed Closed,12,444000,507601,87.5,Y,2.79,4.57,Bi-weekly,14,2025-12-22,2026-12-17,136,63.8,Advisor Contacted,2026-08-03
RNW-5023,CUST-1023,BR-101,ADV-012,5-Year Fixed Closed,60,719000,982080,73.2,N,1.98,4.36,Monthly,15,2021-12-18,2026-11-22,111,120.2,Not Started,2026-08-03
RNW-5024,CUST-1024,BR-101,ADV-011,3-Year Fixed Closed,36,1299000,2729300,47.6,N,2.18,4.84,Bi-weekly,14,2023-12-29,2026-12-13,132,122.0,Advisor Contacted,2026-08-03
RNW-5025,CUST-1025,BR-303,ADV-032,5-Year Fixed Closed,60,753000,1238700,60.8,N,3.12,4.65,Monthly,25,2021-11-12,2026-10-17,75,49.0,Advisor Contacted,2026-08-03
RNW-5026,CUST-1026,BR-202,ADV-022,5-Year Variable Closed,60,613000,1139743,53.8,N,2.1,4.48,Accelerated Bi-weekly,11,2022-02-07,2027-01-12,162,113.3,Advisor Contacted,2026-08-03
RNW-5027,CUST-1027,BR-303,ADV-031,5-Year Fixed Closed,60,662000,932839,71.0,N,2.5,4.27,Accelerated Bi-weekly,15,2021-12-18,2026-11-22,111,70.8,Not Started,2026-08-03
RNW-5028,CUST-1028,BR-101,ADV-012,5-Year Fixed Closed,60,354000,696912,50.8,N,2.8,4.69,Monthly,18,2021-10-14,2026-09-18,46,67.5,Offer Sent,2026-08-03
RNW-5029,CUST-1029,BR-303,ADV-031,5-Year Fixed Closed,60,542000,943535,57.4,N,3.18,4.3,Monthly,27,2021-12-06,2026-11-10,99,35.2,Not Started,2026-08-03
RNW-5030,CUST-1030,BR-202,ADV-021,3-Year Fixed Closed,36,717000,909527,78.8,N,2.48,5.18,Accelerated Bi-weekly,26,2023-10-09,2026-09-23,51,108.9,Offer Sent,2026-08-03
RNW-5031,CUST-1031,BR-303,ADV-032,5-Year Fixed Closed,60,521000,1175653,44.3,N,3.05,4.34,Monthly,12,2021-12-18,2026-11-22,111,42.3,Advisor Contacted,2026-08-03
RNW-5032,CUST-1032,BR-202,ADV-021,1-Year Fixed Closed,12,347000,487306,71.2,N,2.01,5.02,Monthly,26,2025-10-03,2026-09-28,56,149.8,Offer Sent,2026-08-03
RNW-5033,CUST-1033,BR-303,ADV-032,5-Year Fixed Closed,60,388000,655901,59.2,N,2.34,4.88,Accelerated Bi-weekly,12,2021-10-05,2026-09-09,37,108.5,In Negotiation,2026-08-03
RNW-5034,CUST-1034,BR-202,ADV-022,3-Year Fixed Closed,36,254000,497944,51.0,N,2.26,4.41,Monthly,14,2023-12-31,2026-12-15,134,95.1,Not Started,2026-08-03
RNW-5035,CUST-1035,BR-202,ADV-022,1-Year Fixed Closed,12,254000,335534,75.7,N,2.69,4.49,Accelerated Bi-weekly,23,2026-02-04,2027-01-30,180,66.9,Not Started,2026-08-03
RNW-5036,CUST-1036,BR-101,ADV-012,5-Year Variable Closed,60,657000,964648,68.1,N,1.96,4.37,Accelerated Bi-weekly,27,2022-01-19,2026-12-24,143,123.0,Not Started,2026-08-03
RNW-5037,CUST-1037,BR-303,ADV-032,5-Year Fixed Closed,60,475000,691273,68.7,N,1.79,4.71,Accelerated Bi-weekly,11,2021-11-23,2026-10-28,86,163.1,Offer Sent,2026-08-03
RNW-5038,CUST-1038,BR-303,ADV-031,3-Year Fixed Closed,36,776000,894002,86.8,Y,2.2,5.13,Monthly,15,2023-11-07,2026-10-22,80,133.2,Not Started,2026-08-03
RNW-5039,CUST-1039,BR-101,ADV-011,2-Year Fixed Closed,24,444000,506416,87.7,Y,2.37,4.31,Monthly,21,2025-02-04,2027-01-25,175,81.9,Advisor Contacted,2026-08-03
RNW-5040,CUST-1040,BR-101,ADV-011,1-Year Fixed Closed,12,343000,570347,60.1,N,2.43,5.0,Monthly,17,2025-08-19,2026-08-14,11,105.8,Advisor Contacted,2026-08-03
RNW-5041,CUST-1041,BR-202,ADV-021,5-Year Fixed Closed,60,725000,886642,81.8,Y,2.36,4.25,Bi-weekly,12,2021-12-17,2026-11-21,110,80.1,Advisor Contacted,2026-08-03
RNW-5042,CUST-1042,BR-202,ADV-021,5-Year Fixed Closed,60,212000,333032,63.7,N,2.82,4.43,Accelerated Bi-weekly,23,2021-12-09,2026-11-13,102,57.1,Offer Sent,2026-08-03
RNW-5043,CUST-1043,BR-202,ADV-022,5-Year Fixed Closed,60,339000,442547,76.6,N,2.16,4.7,Bi-weekly,15,2021-11-20,2026-10-25,83,117.6,Offer Sent,2026-08-03
RNW-5044,CUST-1044,BR-202,ADV-022,3-Year Fixed Closed,36,418000,577065,72.4,N,2.41,5.02,Monthly,12,2023-09-14,2026-08-29,26,108.3,Offer Sent,2026-08-03
RNW-5045,CUST-1045,BR-101,ADV-011,5-Year Fixed Closed,60,665000,1186199,56.1,N,2.5,4.47,Bi-weekly,11,2022-02-11,2027-01-16,166,78.8,Not Started,2026-08-03
RNW-5046,CUST-1046,BR-202,ADV-021,3-Year Fixed Closed,36,514000,772245,66.6,N,2.12,4.78,Monthly,21,2023-12-24,2026-12-08,127,125.5,Advisor Contacted,2026-08-03
RNW-5047,CUST-1047,BR-303,ADV-032,5-Year Fixed Closed,60,631000,1463563,43.1,N,1.85,4.09,Bi-weekly,21,2021-10-24,2026-09-28,56,121.1,Offer Sent,2026-08-03
RNW-5048,CUST-1048,BR-303,ADV-031,1-Year Fixed Closed,12,450000,758078,59.4,N,2.41,4.5,Bi-weekly,13,2025-11-10,2026-11-05,94,86.7,Advisor Contacted,2026-08-03
RNW-5049,CUST-1049,BR-101,ADV-012,5-Year Variable Closed,60,264000,313539,84.2,Y,2.01,4.85,Bi-weekly,22,2021-12-28,2026-12-02,121,141.3,Not Started,2026-08-03
RNW-5050,CUST-1050,BR-101,ADV-012,5-Year Fixed Closed,60,445000,522295,85.2,Y,2.78,5.12,Accelerated Bi-weekly,24,2021-10-20,2026-09-24,52,84.2,Not Started,2026-08-03
